{"cameraMode":{"drawMode":0,"name":"Shaded","section":"Shading Mode"},"sceneLighting":true,"audioPlay":false,"sceneViewState":{"m_AlwaysRefresh":false,"showFog":true,"showSkybox":true,"showFlares":true,"showImageEffects":true,"showParticleSystems":true,"showVisualEffectGraphs":true,"m_FxEnabled":true},"in2DMode":false,"pivot":{"x":0.650933027267456,"y":0.6080406904220581,"z":-0.04792720079421997},"rotation":{"x":-0.04601173847913742,"y":0.8749219179153442,"z":-0.08478409796953201,"w":-0.47467872500419619},"size":1.4452118873596192,"orthographic":false}